<?xml version="1.0" encoding="UTF-8"?>
<project-private xmlns="http://www.netbeans.org/ns/project-private/1">
    <editor-bookmarks xmlns="http://www.netbeans.org/ns/editor-bookmarks/2" lastBookmarkId="0"/>
    <open-files xmlns="http://www.netbeans.org/ns/projectui-open-files/2">
        <group>
            <file>file:/C:/Users/juanp/Documents/NetBeansProjects/sitioAnimales/src/vista/MenuCanino.java</file>
            <file>file:/C:/Users/juanp/Documents/NetBeansProjects/sitioAnimales/src/vista/Menu1.java</file>
            <file>file:/C:/Users/juanp/Documents/NetBeansProjects/sitioAnimales/src/modelo/Modelo.java</file>
            <file>file:/C:/Users/juanp/Documents/NetBeansProjects/sitioAnimales/src/controlador/Controlador.java</file>
            <file>file:/C:/Users/juanp/Documents/NetBeansProjects/sitioAnimales/src/main/Ejecutar.java</file>
            <file>file:/C:/Users/juanp/Documents/NetBeansProjects/sitioAnimales/src/vista/MenuFelino.java</file>
            <file>file:/C:/Users/juanp/Documents/NetBeansProjects/sitioAnimales/src/vista/MenuLista.java</file>
        </group>
    </open-files>
</project-private>
